start_dt,stop_dt,duration,depth,scramble,is_solved,solve_steps,solution
2018-11-04T08:27:20.329781,2018-11-04T08:27:20.332598,0.002817,1,10,1,0,
2018-11-04T08:27:20.332611,2018-11-04T08:27:20.333155,0.000544,1,1,1,0,
2018-11-04T08:27:20.333164,2018-11-04T08:27:20.333674,0.00051,1,0,1,0,
2018-11-04T08:27:20.333682,2018-11-04T08:27:20.334183,0.000501,1,11,1,0,
2018-11-04T08:27:20.334190,2018-11-04T08:27:20.334692,0.000502,1,4,1,0,
2018-11-04T08:27:20.334699,2018-11-04T08:27:20.335204,0.000505,1,3,1,0,
2018-11-04T08:27:20.335211,2018-11-04T08:27:20.335708,0.000497,1,3,1,0,
2018-11-04T08:27:20.335716,2018-11-04T08:27:20.336215,0.000499,1,2,1,0,
2018-11-04T08:27:20.336222,2018-11-04T08:27:20.336726,0.000504,1,11,1,0,
2018-11-04T08:27:20.336734,2018-11-04T08:27:20.337244,0.00051,1,1,1,0,
2018-11-04T08:27:20.337251,2018-11-04T08:27:20.337760,0.000509,1,10,1,0,
2018-11-04T08:27:20.337767,2018-11-04T08:27:20.338265,0.000498,1,11,1,0,
2018-11-04T08:27:20.338272,2018-11-04T08:27:20.338771,0.000499,1,8,1,0,
2018-11-04T08:27:20.338778,2018-11-04T08:27:20.339535,0.000757,1,1,1,0,
2018-11-04T08:27:20.339542,2018-11-04T08:27:20.340099,0.000557,1,9,1,0,
2018-11-04T08:27:20.340106,2018-11-04T08:27:20.340612,0.000506,1,6,1,0,
2018-11-04T08:27:20.340619,2018-11-04T08:27:20.341121,0.000502,1,0,1,0,
2018-11-04T08:27:20.341128,2018-11-04T08:27:20.341791,0.000663,1,0,1,0,
2018-11-04T08:27:20.341798,2018-11-04T08:27:20.342306,0.000508,1,1,1,0,
2018-11-04T08:27:20.342313,2018-11-04T08:27:20.342818,0.000505,1,3,1,0,
2018-11-04T08:27:20.356262,2018-11-04T08:27:20.357577,0.001315,2,3 8,1,1,
2018-11-04T08:27:20.357588,2018-11-04T08:27:20.359316,0.001728,2,0 8,1,2,
2018-11-04T08:27:20.359325,2018-11-04T08:27:20.361151,0.001826,2,11 10,1,2,
2018-11-04T08:27:20.361161,2018-11-04T08:27:20.362742,0.001581,2,8 6,1,2,
2018-11-04T08:27:20.362751,2018-11-04T08:27:20.364417,0.001666,2,7 9,1,2,
2018-11-04T08:27:20.364426,2018-11-04T08:27:20.366040,0.001614,2,0 2,1,2,
2018-11-04T08:27:20.366050,2018-11-04T08:27:20.367777,0.001727,2,6 5,1,2,
2018-11-04T08:27:20.367786,2018-11-04T08:27:20.373978,0.006192,2,2 3,1,2,
2018-11-04T08:27:20.373991,2018-11-04T08:27:20.375707,0.001716,2,1 1,1,2,
2018-11-04T08:27:20.375716,2018-11-04T08:27:20.381459,0.005743,2,1 5,1,2,
2018-11-04T08:27:20.381471,2018-11-04T08:27:20.383158,0.001687,2,9 4,1,2,
2018-11-04T08:27:20.383169,2018-11-04T08:27:20.385044,0.001875,2,11 7,1,2,
2018-11-04T08:27:20.385054,2018-11-04T08:27:20.386904,0.00185,2,1 6,1,2,
2018-11-04T08:27:20.386915,2018-11-04T08:27:20.388117,0.001202,2,8 4,1,1,
2018-11-04T08:27:20.388125,2018-11-04T08:27:20.390019,0.001894,2,9 5,1,2,
2018-11-04T08:27:20.390029,2018-11-04T08:27:20.391764,0.001735,2,3 11,1,2,
2018-11-04T08:27:20.391774,2018-11-04T08:27:20.405628,0.013854,2,0 10,1,2,
2018-11-04T08:27:20.405642,2018-11-04T08:27:20.407215,0.001573,2,4 1,1,2,
2018-11-04T08:27:20.407225,2018-11-04T08:27:20.408956,0.001731,2,1 6,1,2,
2018-11-04T08:27:20.408966,2018-11-04T08:27:20.410531,0.001565,2,7 10,1,2,
2018-11-04T08:27:20.428267,2018-11-04T08:27:20.432434,0.004167,3,2 5 5,1,6,
2018-11-04T08:27:20.432447,2018-11-04T08:27:20.436778,0.004331,3,11 10 10,1,6,
2018-11-04T08:27:20.436790,2018-11-04T08:27:20.453014,0.016224,3,2 11 3,1,6,
2018-11-04T08:27:20.453027,2018-11-04T08:27:20.457587,0.00456,3,4 11 8,1,7,
2018-11-04T08:27:20.457598,2018-11-04T08:27:20.460459,0.002861,3,0 3 0,1,4,
2018-11-04T08:27:20.460471,2018-11-04T08:27:20.463271,0.0028,3,4 1 3,1,3,
2018-11-04T08:27:20.463283,2018-11-04T08:27:20.465971,0.002688,3,5 3 10,1,4,
2018-11-04T08:27:20.465981,2018-11-04T08:27:20.514795,0.048814,3,10 7 2,1,29,
2018-11-04T08:27:20.514809,2018-11-04T08:27:20.515353,0.000544,3,7 0 1,1,0,
2018-11-04T08:27:20.515362,2018-11-04T08:27:20.518510,0.003148,3,2 10 2,1,4,
2018-11-04T08:27:20.518521,2018-11-04T08:27:20.538405,0.019884,3,9 1 6,1,5,
2018-11-04T08:27:20.538639,2018-11-04T08:27:20.593914,0.055275,3,7 8 4,1,36,
2018-11-04T08:27:20.593927,2018-11-04T08:27:20.609009,0.015082,3,8 8 1,1,4,
2018-11-04T08:27:20.609022,2018-11-04T08:27:20.611739,0.002717,3,10 8 9,1,3,
2018-11-04T08:27:20.611750,2018-11-04T08:27:20.615220,0.00347,3,5 2 0,1,4,
2018-11-04T08:27:20.615231,2018-11-04T08:27:20.615834,0.000603,3,7 0 1,1,0,
2018-11-04T08:27:20.615843,2018-11-04T08:27:20.618741,0.002898,3,5 4 3,1,4,
2018-11-04T08:27:20.618752,2018-11-04T08:27:20.633360,0.014608,3,9 1 1,1,3,
2018-11-04T08:27:20.633375,2018-11-04T08:27:20.682727,0.049352,3,1 8 10,1,31,
2018-11-04T08:27:20.682965,2018-11-04T08:27:20.688086,0.005121,3,10 10 5,1,7,
2018-11-04T08:27:20.706420,2018-11-04T08:27:20.713902,0.007482,4,1 3 3 1,1,11,
2018-11-04T08:27:20.713915,2018-11-04T08:27:20.736804,0.022889,4,9 0 1 11,1,9,
2018-11-04T08:27:20.736819,2018-11-04T08:27:21.064089,0.32727,4,0 5 1 8,1,147,
2018-11-04T08:27:21.073417,2018-11-04T08:27:21.078309,0.004892,4,11 8 10 11,1,7,
2018-11-04T08:27:21.078323,2018-11-04T08:27:22.353066,1.274743,4,4 3 0 9,1,381,
2018-11-04T08:27:22.353167,2018-11-04T08:27:24.735798,2.382631,4,5 0 1 4,1,876,
2018-11-04T08:27:24.748012,2018-11-04T08:27:24.806844,0.058832,4,2 4 0 0,1,41,
2018-11-04T08:27:24.806859,2018-11-04T08:27:24.825036,0.018177,4,1 9 10 10,1,8,
2018-11-04T08:27:24.825050,2018-11-04T08:27:24.829536,0.004486,4,4 1 3 1,1,7,
2018-11-04T08:27:24.829549,2018-11-04T08:27:24.847269,0.01772,4,9 9 8 6,1,8,
2018-11-04T08:27:24.847346,2018-11-04T08:27:24.885014,0.037668,4,6 4 9 9,1,27,
2018-11-04T08:27:24.885029,2018-11-04T08:27:24.886305,0.001276,4,1 2 0 7,1,1,
2018-11-04T08:27:24.886316,2018-11-04T08:27:24.956211,0.069895,4,9 7 4 0,1,44,
2018-11-04T08:27:24.972013,2018-11-04T08:27:24.976750,0.004737,4,4 2 1 0,1,7,
2018-11-04T08:27:24.976762,2018-11-04T08:27:25.012787,0.036025,4,11 9 4 7,1,49,
2018-11-04T08:27:25.012801,2018-11-04T08:27:26.246963,1.234162,4,9 9 0 10,1,444,
2018-11-04T08:27:26.247065,2018-11-04T08:27:26.494399,0.247334,4,10 3 7 9,1,123,
2018-11-04T08:27:26.494413,2018-11-04T08:27:27.037431,0.543018,4,10 10 2 10,1,340,
2018-11-04T08:27:27.037530,2018-11-04T08:27:27.238079,0.200549,4,0 2 11 6,1,101,
2018-11-04T08:27:27.238163,2018-11-04T08:27:27.242970,0.004807,4,11 1 10 10,1,7,
2018-11-04T08:27:27.276159,2018-11-04T08:27:27.868248,0.592089,5,6 7 3 6 5,1,335,
2018-11-04T08:27:27.868340,2018-11-04T08:27:27.871226,0.002886,5,6 11 0 0 7,1,4,
2018-11-04T08:27:27.871239,2018-11-04T08:27:29.219653,1.348414,5,9 6 9 6 11,1,676,
2018-11-04T08:27:29.219830,2018-11-04T08:27:29.278493,0.058663,5,1 9 8 0 10,1,82,
2018-11-04T08:27:29.278507,2018-11-04T08:27:29.321325,0.042818,5,11 10 10 1 9,1,52,
2018-11-04T08:27:29.321454,2018-11-04T08:27:32.633047,3.311593,5,6 8 7 4 0,1,968,
2018-11-04T08:27:32.633230,2018-11-04T08:27:41.197414,8.564184,5,3 11 11 7 5,1,3878,
2018-11-04T08:27:41.197565,2018-11-04T08:27:41.897733,0.700168,5,9 8 7 2 0,1,470,
2018-11-04T08:27:41.897891,2018-11-04T08:27:44.345164,2.447273,5,3 3 10 3 10,1,1157,
2018-11-04T08:27:44.345380,2018-11-04T08:27:44.362661,0.017281,5,8 6 9 7 8,1,26,
2018-11-04T08:27:44.362676,2018-11-04T08:27:44.602482,0.239806,5,6 9 11 3 4,1,182,
2018-11-04T08:27:44.602621,2018-11-04T08:27:44.623403,0.020782,5,3 8 11 4 11,1,32,
2018-11-04T08:27:44.623417,2018-11-04T08:27:44.626377,0.00296,5,11 11 10 5 9,1,4,
2018-11-04T08:27:44.626388,2018-11-04T08:27:44.756783,0.130395,5,9 11 3 4 7,1,99,
2018-11-04T08:27:44.756917,2018-11-04T08:27:44.790514,0.033597,5,8 6 1 5 3,1,36,
2018-11-04T08:27:44.790529,2018-11-04T08:27:48.241897,3.451368,5,10 9 9 0 10,1,2203,
2018-11-04T08:27:48.242046,2018-11-04T08:27:49.502259,1.260213,5,7 3 5 6 4,1,501,
2018-11-04T08:27:49.502424,2018-11-04T08:27:51.743716,2.241292,5,6 11 1 10 9,1,787,
2018-11-04T08:27:51.743937,2018-11-04T08:27:51.744725,0.000788,5,9 9 9 9 10,1,0,
2018-11-04T08:27:51.744735,2018-11-04T08:27:51.876692,0.131957,5,0 5 1 11 7,1,118,
2018-11-04T08:27:51.877306,2018-11-04T08:27:56.207070,4.329764,6,8 8 6 11 0 8,1,1622,
2018-11-04T08:27:56.207221,2018-11-04T08:27:58.140161,1.93294,6,4 2 6 4 7 6,1,1134,
2018-11-04T08:27:58.140365,2018-11-04T08:27:58.147178,0.006813,6,5 10 7 11 10 0,1,10,
2018-11-04T08:27:58.147192,2018-11-04T08:27:58.833006,0.685814,6,0 4 6 4 11 9,1,472,
2018-11-04T08:27:58.833162,2018-11-04T08:27:59.671123,0.837961,6,10 3 8 3 4 3,1,494,
2018-11-04T08:27:59.681070,2018-11-04T08:27:59.780232,0.099162,6,10 8 9 0 7 4,1,61,
2018-11-04T08:27:59.780369,2018-11-04T08:27:59.782205,0.001836,6,9 0 8 3 11 3,1,2,
2018-11-04T08:27:59.782221,2018-11-04T08:27:59.802822,0.020601,6,2 0 11 1 3 8,1,19,
2018-11-04T08:27:59.802836,2018-11-04T08:27:59.834292,0.031456,6,2 5 6 6 3 8,1,40,
2018-11-04T08:27:59.834307,2018-11-04T08:28:00.250789,0.416482,6,7 9 11 4 7 3,1,435,
2018-11-04T08:28:00.250932,2018-11-04T08:28:44.872681,44.621749,6,10 3 5 7 8 10,1,16817,
2018-11-04T08:28:44.872841,2018-11-04T08:31:04.420447,139.547606,6,4 2 6 4 3 3,0,30001,
2018-11-04T08:31:04.420544,2018-11-04T08:31:04.470802,0.050258,6,1 9 9 8 9 0,1,63,
2018-11-04T08:31:04.470816,2018-11-04T08:32:25.441269,80.970453,6,3 10 2 2 6 10,1,17566,
2018-11-04T08:32:25.441525,2018-11-04T08:32:26.176046,0.734521,6,11 1 11 9 7 10,1,620,
2018-11-04T08:32:26.191930,2018-11-04T08:32:30.065256,3.873326,6,4 0 9 11 8 0,1,1180,
2018-11-04T08:32:30.076009,2018-11-04T08:32:36.386163,6.310154,6,5 9 1 11 6 11,1,2620,
2018-11-04T08:32:36.396012,2018-11-04T08:32:37.090026,0.694014,6,3 3 7 4 3 5,1,367,
2018-11-04T08:32:37.090290,2018-11-04T08:33:22.027477,44.937187,6,9 6 11 2 7 6,1,11193,
2018-11-04T08:33:22.027557,2018-11-04T08:33:23.843573,1.816016,6,7 5 8 6 8 11,1,1321,
2018-11-04T08:33:23.856275,2018-11-04T08:34:07.645222,43.788947,7,3 5 7 2 5 6 7,1,8850,
2018-11-04T08:34:07.645318,2018-11-04T08:34:07.679544,0.034226,7,4 1 3 1 6 10 6,1,50,
2018-11-04T08:34:07.679559,2018-11-04T08:34:16.609896,8.930337,7,11 7 2 9 11 9 0,1,2893,
2018-11-04T08:34:16.615337,2018-11-04T08:34:18.013538,1.398201,7,7 10 8 8 5 8 7,1,500,
2018-11-04T08:34:18.013638,2018-11-04T08:34:25.011678,6.99804,7,10 0 8 10 8 4 0,1,2235,
2018-11-04T08:34:25.011889,2018-11-04T08:34:25.394728,0.382839,7,1 1 5 1 1 1 4,1,301,
2018-11-04T08:34:25.404009,2018-11-04T08:35:29.875169,64.47116,7,1 10 11 9 2 3 4,1,12958,
2018-11-04T08:35:29.875355,2018-11-04T08:35:30.996043,1.120688,7,2 1 4 1 8 1 0,1,624,
2018-11-04T08:35:30.996297,2018-11-04T08:35:32.148810,1.152513,7,4 1 6 2 10 9 10,1,750,
2018-11-04T08:35:32.160011,2018-11-04T08:35:33.359772,1.199761,7,8 1 6 9 11 2 2,1,555,
2018-11-04T08:35:33.360030,2018-11-04T08:35:56.382348,23.022318,7,3 4 7 4 1 8 0,1,4349,
2018-11-04T08:35:56.382524,2018-11-04T08:35:58.341754,1.95923,7,7 3 7 8 1 5 6,1,680,
2018-11-04T08:35:58.341870,2018-11-04T08:36:02.066946,3.725076,7,7 4 3 2 1 11 1,1,1981,
2018-11-04T08:36:02.067051,2018-11-04T08:36:04.316054,2.249003,7,8 4 4 5 2 3 6,1,1296,
2018-11-04T08:36:04.316247,2018-11-04T08:39:07.300588,182.984341,7,5 1 0 10 2 9 5,0,30001,
2018-11-04T08:39:07.300827,2018-11-04T08:39:09.488524,2.187697,7,8 5 6 11 1 6 6,1,1144,
2018-11-04T08:39:09.488841,2018-11-04T08:39:09.513895,0.025054,7,7 3 4 1 1 2 9,1,31,
2018-11-04T08:39:09.513910,2018-11-04T08:39:27.632859,18.118949,7,10 2 4 7 9 6 5,1,3453,
2018-11-04T08:39:27.633099,2018-11-04T08:39:27.653921,0.020822,7,4 3 2 3 2 4 6,1,31,
2018-11-04T08:39:27.653935,2018-11-04T08:39:28.196777,0.542842,7,4 3 7 8 8 8 10,1,263,
2018-11-04T08:39:28.199259,2018-11-04T08:39:28.209189,0.00993,8,4 1 6 3 2 2 5 5,1,14,
2018-11-04T08:39:28.209204,2018-11-04T08:41:05.016515,96.807311,8,0 2 3 5 2 11 1 10,1,23102,
2018-11-04T08:41:05.016718,2018-11-04T08:41:17.536249,12.519531,8,0 2 11 1 5 3 0 8,1,4608,
2018-11-04T08:41:17.536457,2018-11-04T08:41:17.566916,0.030459,8,5 1 11 10 5 2 3 8,1,41,
2018-11-04T08:41:17.566931,2018-11-04T08:41:22.420075,4.853144,8,0 9 0 3 1 3 4 6,1,2826,
2018-11-04T08:41:22.420285,2018-11-04T08:43:30.020892,127.600607,8,7 0 3 11 2 7 4 9,0,30001,
2018-11-04T08:43:30.020990,2018-11-04T08:43:31.781458,1.760468,8,8 3 3 2 0 1 8 6,1,966,
2018-11-04T08:43:31.781611,2018-11-04T08:45:50.953491,139.17188,8,9 9 6 4 3 2 0 10,0,30001,
2018-11-04T08:45:50.953595,2018-11-04T08:46:04.584461,13.630866,8,8 5 5 6 5 7 6 8,1,6225,
2018-11-04T08:46:04.584697,2018-11-04T08:46:15.611752,11.027055,8,2 0 8 8 5 8 3 0,1,6510,
2018-11-04T08:46:15.611998,2018-11-04T08:48:48.952787,153.340789,8,4 3 6 2 7 4 1 10,0,30001,
2018-11-04T08:48:48.953016,2018-11-04T08:48:49.040444,0.087428,8,2 2 11 4 6 1 4 11,1,79,
2018-11-04T08:48:49.040461,2018-11-04T08:51:49.677176,180.636715,8,7 5 6 5 7 9 9 5,0,30001,
2018-11-04T08:51:49.677329,2018-11-04T08:51:52.860596,3.183267,8,0 1 4 6 2 1 4 4,1,1584,
2018-11-04T08:51:52.860749,2018-11-04T08:51:53.335357,0.474608,8,2 5 0 1 5 10 10 0,1,326,
2018-11-04T08:51:53.335503,2018-11-04T08:52:21.654310,28.318807,8,7 0 3 1 1 8 1 3,1,10355,
2018-11-04T08:52:21.654460,2018-11-04T08:52:22.305225,0.650765,8,5 2 7 10 10 3 0 3,1,380,
2018-11-04T08:52:22.305327,2018-11-04T08:52:31.958903,9.653576,8,10 6 3 1 4 7 5 4,1,2898,
2018-11-04T08:52:31.959060,2018-11-04T08:52:38.073388,6.114328,8,8 4 2 10 7 2 4 2,1,1137,
2018-11-04T08:52:38.073487,2018-11-04T08:53:01.041037,22.96755,8,3 8 3 11 0 4 5 6,1,9643,
2018-11-04T08:53:01.041633,2018-11-04T08:53:01.059358,0.017725,9,4 4 11 2 5 8 3 2 5,1,27,
2018-11-04T08:53:01.059372,2018-11-04T08:56:26.692835,205.633463,9,7 5 8 11 4 4 7 8 1,1,27410,
2018-11-04T08:56:26.702657,2018-11-04T08:56:27.558912,0.856255,9,5 10 7 4 11 8 0 11 1,1,353,
2018-11-04T08:56:27.573814,2018-11-04T08:56:39.337799,11.763985,9,10 11 2 9 4 3 11 2 3,1,3964,
2018-11-04T08:56:39.337948,2018-11-04T08:56:39.604122,0.266174,9,6 3 0 3 2 2 3 1 11,1,244,
2018-11-04T08:56:39.604257,2018-11-04T08:58:27.230861,107.626604,9,2 6 4 11 11 10 3 3 5,0,30001,
2018-11-04T08:58:27.231012,2018-11-04T08:58:29.399693,2.168681,9,9 2 10 3 3 0 7 2 7,1,980,
2018-11-04T08:58:29.399844,2018-11-04T08:59:36.545575,67.145731,9,6 4 11 7 4 0 5 6 11,1,13334,
2018-11-04T08:59:36.545727,2018-11-04T08:59:42.540765,5.995038,9,0 4 6 8 10 2 9 0 9,1,1569,
2018-11-04T08:59:42.540916,2018-11-04T09:00:55.074612,72.533696,9,10 1 11 3 4 4 7 4 6,0,30001,
2018-11-04T09:00:55.074766,2018-11-04T09:02:19.659349,84.584583,9,8 0 1 9 2 7 3 7 3,0,30001,
2018-11-04T09:02:19.659496,2018-11-04T09:04:06.430516,106.77102,9,6 4 9 11 1 5 1 2 6,0,30001,
2018-11-04T09:04:06.430617,2018-11-04T09:04:41.630703,35.200086,9,10 2 11 6 7 10 0 8 9,1,12190,
2018-11-04T09:04:41.630852,2018-11-04T09:05:22.789985,41.159133,9,0 1 1 9 11 0 4 5 3,1,7235,
2018-11-04T09:05:22.790086,2018-11-04T09:07:56.848462,154.058376,9,9 8 0 9 5 10 11 7 11,0,30001,
2018-11-04T09:07:56.848616,2018-11-04T09:10:12.904874,136.056258,9,11 6 9 5 6 7 10 9 7,0,30001,
2018-11-04T09:10:12.905025,2018-11-04T09:10:13.706103,0.801078,9,5 3 8 4 1 5 8 9 9,1,660,
2018-11-04T09:10:13.716011,2018-11-04T09:10:52.089542,38.373531,9,5 2 9 2 1 1 5 9 11,1,8680,
2018-11-04T09:10:52.089692,2018-11-04T09:12:31.036066,98.946374,9,10 7 11 10 3 6 6 9 7,1,16692,
2018-11-04T09:12:31.036167,2018-11-04T09:12:35.876784,4.840617,9,0 9 2 2 6 11 2 2 1,1,1193,
2018-11-04T09:12:35.888152,2018-11-04T09:15:11.632917,155.744765,10,0 8 9 4 0 9 8 1 8 10,0,30001,
2018-11-04T09:15:11.633015,2018-11-04T09:16:20.439540,68.806525,10,11 2 9 0 2 2 10 9 7 10,1,16654,
2018-11-04T09:16:20.452011,2018-11-04T09:16:25.818820,5.366809,10,5 4 2 3 1 0 8 7 3 8,1,1754,
2018-11-04T09:16:25.818974,2018-11-04T09:16:36.768629,10.949655,10,8 7 9 10 5 0 9 0 10 8,1,3839,
2018-11-04T09:16:36.768781,2018-11-04T09:18:01.692520,84.923739,10,9 5 9 0 10 10 9 8 3 7,0,30001,
2018-11-04T09:18:01.692664,2018-11-04T09:19:17.923285,76.230621,10,9 4 4 1 4 0 4 3 2 1,0,30001,
2018-11-04T09:19:17.923437,2018-11-04T09:19:42.389875,24.466438,10,2 5 10 0 0 7 9 10 6 10,1,7328,
2018-11-04T09:19:42.390023,2018-11-04T09:19:42.808690,0.418667,10,1 10 8 0 2 10 0 7 3 5,1,279,
2018-11-04T09:19:42.808778,2018-11-04T09:19:43.013638,0.20486,10,5 5 8 3 4 9 1 6 8 11,1,176,
2018-11-04T09:19:43.013723,2018-11-04T09:19:43.271672,0.257949,10,0 11 6 6 1 2 7 3 4 5,1,251,
2018-11-04T09:19:43.271818,2018-11-04T09:23:19.804483,216.532665,10,3 7 6 9 8 0 8 4 8 5,0,30001,
2018-11-04T09:23:19.804637,2018-11-04T09:25:00.195649,100.391012,10,2 2 4 4 8 4 1 9 9 0,1,20130,
2018-11-04T09:25:00.195748,2018-11-04T09:25:02.071324,1.875576,10,2 3 0 5 2 1 4 9 9 4,1,960,
2018-11-04T09:25:02.071519,2018-11-04T09:25:24.678678,22.607159,10,2 3 5 3 10 9 2 11 11 8,1,5838,
2018-11-04T09:25:24.678830,2018-11-04T09:26:27.125319,62.446489,10,1 2 3 7 5 10 10 2 5 6,1,19393,
2018-11-04T09:26:27.125419,2018-11-04T09:27:33.606056,66.480637,10,0 0 1 1 10 0 0 9 11 10,1,14591,
2018-11-04T09:27:33.606206,2018-11-04T09:27:34.299485,0.693279,10,10 1 2 0 5 2 9 2 0 7,1,520,
2018-11-04T09:27:34.299644,2018-11-04T09:27:36.185742,1.886098,10,9 4 6 8 10 11 11 11 8 0,1,1039,
2018-11-04T09:27:36.185959,2018-11-04T09:29:04.573423,88.387464,10,4 11 2 3 11 3 1 5 8 1,0,30001,
2018-11-04T09:29:04.573571,2018-11-04T09:29:04.872402,0.298831,10,11 8 5 9 4 11 6 1 6 1,1,233,
2018-11-04T09:29:04.873002,2018-11-04T09:30:59.283147,114.410145,11,1 1 5 3 2 1 4 7 5 10 1,0,30001,
2018-11-04T09:30:59.283247,2018-11-04T09:31:02.306070,3.022823,11,4 2 4 11 0 3 8 7 0 4 3,1,1582,
2018-11-04T09:31:02.312334,2018-11-04T09:32:37.828367,95.516033,11,5 6 1 11 8 11 7 10 11 8 0,0,30001,
2018-11-04T09:32:37.828471,2018-11-04T09:35:37.665122,179.836651,11,11 10 10 3 4 1 8 9 10 2 6,0,30001,
2018-11-04T09:35:37.665267,2018-11-04T09:37:27.298728,109.633461,11,2 2 1 6 9 4 3 4 11 3 1,1,20747,
2018-11-04T09:37:27.298830,2018-11-04T09:38:37.816389,70.517559,11,5 7 11 1 1 4 0 0 8 1 10,1,26829,
2018-11-04T09:38:37.816536,2018-11-04T09:38:40.186186,2.36965,11,7 4 7 0 1 1 6 4 1 11 6,1,1038,
2018-11-04T09:38:40.186400,2018-11-04T09:38:41.580780,1.39438,11,4 7 9 11 4 11 3 0 5 3 2,1,635,
2018-11-04T09:38:41.581008,2018-11-04T09:40:15.853309,94.272301,11,4 6 9 9 9 5 3 5 7 3 7,0,30001,
2018-11-04T09:40:15.853459,2018-11-04T09:41:56.919132,101.065673,11,9 10 3 6 10 3 2 5 8 6 5,1,18078,
2018-11-04T09:41:56.919286,2018-11-04T09:41:56.981364,0.062078,11,8 7 11 0 7 7 4 4 5 10 11,1,69,
2018-11-04T09:41:56.981379,2018-11-04T09:43:33.896201,96.914822,11,1 2 9 7 10 2 4 8 10 7 9,1,15453,
2018-11-04T09:43:33.896347,2018-11-04T09:45:07.336257,93.43991,11,11 11 2 11 3 1 3 10 10 8 6,0,30001,
2018-11-04T09:45:07.336409,2018-11-04T09:45:13.839777,6.503368,11,2 1 10 1 5 3 3 2 3 1 4,1,2482,
2018-11-04T09:45:13.839933,2018-11-04T09:46:40.492900,86.652967,11,11 4 5 7 2 11 2 1 2 2 1,0,30001,
2018-11-04T09:46:40.493054,2018-11-04T09:46:59.242987,18.749933,11,8 9 4 8 0 2 3 0 9 8 8,1,4479,
2018-11-04T09:46:59.243145,2018-11-04T09:47:25.304374,26.061229,11,4 2 7 8 8 8 6 9 6 5 8,1,8100,
2018-11-04T09:47:25.304525,2018-11-04T09:47:31.766641,6.462116,11,0 8 8 5 2 11 6 2 9 7 6,1,2487,
2018-11-04T09:47:31.766743,2018-11-04T09:49:52.524156,140.757413,11,7 2 2 4 1 4 0 9 4 7 0,0,30001,
2018-11-04T09:49:52.524254,2018-11-04T09:51:17.673107,85.148853,11,10 7 8 9 0 5 7 4 4 0 3,1,24774,
2018-11-04T09:51:17.680192,2018-11-04T09:51:18.016781,0.336589,12,4 9 4 3 3 11 8 10 6 10 9 10,1,193,
2018-11-04T09:51:18.016918,2018-11-04T09:51:21.002709,2.985791,12,0 0 11 10 11 8 3 2 0 4 1 8,1,1852,
2018-11-04T09:51:21.002865,2018-11-04T09:51:37.333405,16.33054,12,9 0 2 6 11 8 8 3 4 7 11 6,1,6040,
2018-11-04T09:51:37.333504,2018-11-04T09:52:08.147860,30.814356,12,5 7 3 3 6 3 6 6 7 4 1 0,1,6892,
2018-11-04T09:52:08.148021,2018-11-04T09:53:57.160769,109.012748,12,1 5 1 11 6 6 5 3 8 4 1 10,0,30001,
2018-11-04T09:53:57.162214,2018-11-04T09:56:01.335977,124.173763,12,11 6 11 9 8 5 6 1 10 8 6 11,0,30001,
2018-11-04T09:56:01.340587,2018-11-04T09:56:05.756695,4.416108,12,6 1 8 4 4 7 11 2 4 0 7 4,1,1266,
2018-11-04T09:56:05.756869,2018-11-04T09:57:58.857229,113.10036,12,6 2 6 4 5 9 10 3 8 9 8 0,0,30001,
2018-11-04T09:57:58.857377,2018-11-04T09:59:44.415002,105.557625,12,8 6 10 0 1 8 0 3 11 1 1 1,0,30001,
2018-11-04T09:59:44.415104,2018-11-04T10:00:16.939707,32.524603,12,2 1 1 0 11 9 0 5 9 5 2 5,1,6866,
2018-11-04T10:00:16.947351,2018-11-04T10:01:39.596948,82.649597,12,5 9 0 3 10 6 9 4 2 2 7 7,1,16935,
2018-11-04T10:01:39.597096,2018-11-04T10:02:21.127368,41.530272,12,10 1 5 8 9 4 7 9 5 10 2 1,1,13934,
2018-11-04T10:02:21.127520,2018-11-04T10:02:22.081848,0.954328,12,2 6 8 8 0 11 8 4 7 8 10 5,1,1001,
2018-11-04T10:02:22.082058,2018-11-04T10:04:31.108768,129.02671,12,9 0 11 3 11 11 9 9 2 4 0 0,0,30001,
2018-11-04T10:04:31.108871,2018-11-04T10:05:37.465414,66.356543,12,8 11 8 10 9 10 11 0 11 10 2 7,1,22743,
2018-11-04T10:05:37.465514,2018-11-04T10:07:10.867739,93.402225,12,3 10 3 1 1 8 5 3 2 6 5 9,0,30001,
2018-11-04T10:07:10.867893,2018-11-04T10:09:06.679678,115.811785,12,1 0 0 4 11 7 6 9 4 9 5 9,0,30001,
2018-11-04T10:09:06.679890,2018-11-04T10:09:30.191232,23.511342,12,8 0 8 11 8 10 1 8 9 2 1 4,1,6363,
2018-11-04T10:09:30.191340,2018-11-04T10:13:58.332067,268.140727,12,11 9 4 7 2 4 9 1 8 11 4 11,0,30001,
2018-11-04T10:13:58.332148,2018-11-04T10:16:13.717359,135.385211,12,6 2 11 10 6 1 5 6 9 9 0 1,1,27241,
2018-11-04T10:16:13.740156,2018-11-04T10:20:05.668083,231.927927,13,10 8 8 0 11 10 1 5 0 1 4 11 9,0,30001,
2018-11-04T10:20:05.668232,2018-11-04T10:22:52.288716,166.620484,13,8 11 9 4 1 4 7 11 1 11 11 7 2,0,30001,
2018-11-04T10:22:52.288865,2018-11-04T10:24:20.173714,87.884849,13,1 10 8 10 10 8 1 9 6 8 4 4 9,1,21555,
2018-11-04T10:24:20.173814,2018-11-04T10:24:39.947953,19.774139,13,5 6 5 5 4 1 4 5 4 6 8 4 11,1,4783,
2018-11-04T10:24:39.956986,2018-11-04T10:26:21.896346,101.93936,13,6 11 6 4 7 9 9 11 4 4 7 11 9,0,30001,
2018-11-04T10:26:21.896493,2018-11-04T10:26:36.308206,14.411713,13,0 11 4 11 1 2 1 2 0 5 9 10 5,1,5977,
2018-11-04T10:26:36.308344,2018-11-04T10:28:15.347659,99.039315,13,7 5 5 9 8 9 4 9 7 10 6 5 0,0,30001,
2018-11-04T10:28:15.347758,2018-11-04T10:30:01.844376,106.496618,13,5 3 4 0 4 1 2 11 8 8 10 7 10,0,30001,
2018-11-04T10:30:01.844525,2018-11-04T10:30:12.521980,10.677455,13,9 11 4 5 8 3 11 4 6 4 1 9 9,1,4631,
2018-11-04T10:30:12.532008,2018-11-04T10:31:02.796167,50.264159,13,1 2 11 7 9 6 9 9 5 6 3 3 7,1,11317,
2018-11-04T10:31:02.796316,2018-11-04T10:32:56.982716,114.1864,13,3 11 9 9 6 7 3 7 3 6 10 1 6,0,30001,
2018-11-04T10:32:56.982871,2018-11-04T10:35:10.162619,133.179748,13,10 5 9 8 4 9 2 7 6 10 11 6 2,1,22043,
2018-11-04T10:35:10.162719,2018-11-04T10:35:19.354779,9.19206,13,0 4 2 10 7 7 6 2 2 5 2 9 9,1,3730,
2018-11-04T10:35:19.354941,2018-11-04T10:35:54.487903,35.132962,13,0 1 11 1 1 0 2 5 10 11 7 0 0,1,11386,
2018-11-04T10:35:54.488059,2018-11-04T10:38:12.476234,137.988175,13,8 4 7 11 1 2 2 2 4 11 6 1 11,0,30001,
2018-11-04T10:38:12.476380,2018-11-04T10:38:44.970205,32.493825,13,11 4 5 3 10 11 6 1 5 4 0 3 7,1,5991,
2018-11-04T10:38:44.970358,2018-11-04T10:40:20.689266,95.718908,13,7 2 7 0 7 2 1 10 3 8 1 2 11,0,30001,
2018-11-04T10:40:20.689418,2018-11-04T10:40:43.717021,23.027603,13,9 5 3 6 4 2 10 11 9 11 2 0 3,1,11488,
2018-11-04T10:40:43.717176,2018-11-04T10:42:33.764242,110.047066,13,6 5 4 9 1 8 8 9 8 6 3 5 9,0,30001,
2018-11-04T10:42:33.764395,2018-11-04T10:43:25.142494,51.378099,13,5 2 6 8 6 8 3 7 11 7 5 5 6,1,20419,
2018-11-04T10:43:25.152329,2018-11-04T10:43:37.279636,12.127307,14,11 8 10 10 9 9 9 0 5 5 10 2 9 5,1,3507,
2018-11-04T10:43:37.279782,2018-11-04T10:45:13.966241,96.686459,14,7 6 10 9 8 7 8 11 8 10 9 7 11 0,0,30001,
2018-11-04T10:45:13.966340,2018-11-04T10:47:30.904270,136.93793,14,8 3 10 7 6 5 10 0 3 3 5 9 9 2,0,30001,
2018-11-04T10:47:30.904419,2018-11-04T10:49:29.863853,118.959434,14,5 7 8 7 0 10 1 8 6 6 10 9 10 7,0,30001,
2018-11-04T10:49:29.874381,2018-11-04T10:53:21.125011,231.25063,14,9 5 6 2 6 10 10 5 1 6 6 1 2 10,0,30001,
2018-11-04T10:53:21.125160,2018-11-04T10:53:26.446076,5.320916,14,10 7 2 0 11 9 9 5 8 10 1 6 11 10,1,1595,
2018-11-04T10:53:26.446228,2018-11-04T10:54:15.067094,48.620866,14,10 3 1 0 0 7 2 6 7 5 3 11 3 5,1,14417,
2018-11-04T10:54:15.067201,2018-11-04T10:55:24.271074,69.203873,14,6 5 8 1 5 7 10 10 1 2 10 1 1 6,1,20382,
2018-11-04T10:55:24.271228,2018-11-04T10:58:13.904982,169.633754,14,9 2 6 3 6 7 9 9 2 10 0 5 5 0,0,30001,
2018-11-04T10:58:13.905083,2018-11-04T11:01:45.333213,211.42813,14,2 6 10 1 0 5 9 6 5 8 1 1 2 5,0,30001,
2018-11-04T11:01:45.344009,2018-11-04T11:03:16.731936,91.387927,14,11 2 10 0 10 8 7 11 3 5 10 10 2 2,0,30001,
2018-11-04T11:03:16.732045,2018-11-04T11:05:21.142041,124.409996,14,4 8 7 5 3 3 8 3 6 2 10 3 5 1,1,21514,
2018-11-04T11:05:21.152011,2018-11-04T11:05:22.836820,1.684809,14,0 1 4 11 3 1 11 9 10 7 6 7 2 11,1,590,
2018-11-04T11:05:22.836931,2018-11-04T11:06:29.009735,66.172804,14,5 3 6 3 4 2 6 6 3 11 9 5 9 8,1,15301,
2018-11-04T11:06:29.009892,2018-11-04T11:08:11.897876,102.887984,14,0 2 5 7 11 6 11 1 10 11 0 7 5 0,0,30001,
2018-11-04T11:08:11.898025,2018-11-04T11:08:18.888095,6.99007,14,7 3 6 9 7 9 0 10 7 11 6 9 9 11,1,2963,
2018-11-04T11:08:18.888250,2018-11-04T11:10:57.826366,158.938116,14,10 1 4 6 1 2 1 1 4 3 4 6 11 6,0,30001,
2018-11-04T11:10:57.826517,2018-11-04T11:12:00.842855,63.016338,14,0 3 5 1 8 4 6 1 1 8 10 3 10 10,1,18100,
2018-11-04T11:12:00.843014,2018-11-04T11:15:19.282340,198.439326,14,7 10 3 2 6 7 4 2 2 7 4 8 3 5,0,30001,
2018-11-04T11:15:19.282496,2018-11-04T11:15:28.078806,8.79631,14,3 2 9 0 10 1 4 3 0 3 4 3 5 5,1,4494,
2018-11-04T11:15:28.079436,2018-11-04T11:17:39.706530,131.627094,15,5 5 6 11 3 0 9 8 3 11 1 8 3 3 2,0,30001,
2018-11-04T11:17:39.706632,2018-11-04T11:17:46.640806,6.934174,15,8 3 4 11 11 11 6 1 3 5 9 10 9 10 1,1,2744,
2018-11-04T11:17:46.647926,2018-11-04T11:19:41.243177,114.595251,15,6 9 1 6 9 0 9 4 7 5 4 5 3 4 9,0,30001,
2018-11-04T11:19:41.243327,2018-11-04T11:21:16.959682,95.716355,15,10 2 0 10 10 2 2 6 4 6 11 9 9 6 1,0,30001,
2018-11-04T11:21:16.959781,2018-11-04T11:21:59.829168,42.869387,15,9 4 8 0 0 0 5 9 7 9 2 11 6 5 1,1,14011,
2018-11-04T11:21:59.829317,2018-11-04T11:22:48.073046,48.243729,15,1 0 10 0 1 8 7 11 8 1 4 9 10 9 5,1,11462,
2018-11-04T11:22:48.084010,2018-11-04T11:25:51.718900,183.63489,15,1 6 10 8 5 9 4 9 5 8 9 4 0 5 9,0,30001,
2018-11-04T11:25:51.718999,2018-11-04T11:28:41.804869,170.08587,15,5 6 9 1 2 2 3 10 3 10 2 9 8 1 9,0,30001,
2018-11-04T11:28:41.804970,2018-11-04T11:30:42.438811,120.633841,15,2 1 0 8 9 5 7 10 5 2 11 4 6 3 8,0,30001,
2018-11-04T11:30:42.438967,2018-11-04T11:32:57.993580,135.554613,15,6 10 8 7 2 10 6 9 11 7 3 7 10 8 11,0,30001,
2018-11-04T11:32:57.993678,2018-11-04T11:34:31.945672,93.951994,15,6 10 7 3 11 3 8 8 10 3 0 9 10 8 6,0,30001,
2018-11-04T11:34:31.945826,2018-11-04T11:37:33.229725,181.283899,15,2 2 7 10 10 9 4 7 3 3 0 9 2 9 7,0,30001,
2018-11-04T11:37:33.229889,2018-11-04T11:39:23.677818,110.447929,15,4 2 0 11 8 6 2 9 0 9 6 11 4 6 2,0,30001,
2018-11-04T11:39:23.688012,2018-11-04T11:41:37.880145,134.192133,15,2 2 7 3 3 0 3 3 1 1 4 2 1 11 3,0,30001,
2018-11-04T11:41:37.880296,2018-11-04T11:42:51.641924,73.761628,15,8 10 0 4 6 11 10 0 4 2 1 0 9 1 2,0,30001,
2018-11-04T11:42:51.642025,2018-11-04T11:45:04.429033,132.787008,15,5 2 3 2 11 0 9 2 9 5 3 11 11 1 6,0,30001,
2018-11-04T11:45:04.440011,2018-11-04T11:47:06.359483,121.919472,15,8 8 4 1 8 3 5 1 6 10 8 3 1 3 7,1,19862,
2018-11-04T11:47:06.359588,2018-11-04T11:48:59.313918,112.95433,15,11 6 5 6 2 2 0 10 7 6 4 0 10 2 0,0,30001,
2018-11-04T11:48:59.314017,2018-11-04T11:50:58.173913,118.859896,15,7 0 2 11 2 7 2 11 0 9 11 0 3 5 5,0,30001,
2018-11-04T11:50:58.174014,2018-11-04T11:52:43.199487,105.025473,15,0 1 6 6 11 2 0 8 11 4 4 2 5 2 11,1,11300,
2018-11-04T11:52:43.212203,2018-11-04T11:54:39.697320,116.485117,16,0 11 3 4 8 7 7 8 11 2 2 0 5 4 7 6,0,30001,
2018-11-04T11:54:39.697472,2018-11-04T11:56:50.519762,130.82229,16,2 9 6 6 8 6 8 8 10 8 4 11 0 7 3 4,0,30001,
2018-11-04T11:56:50.519911,2018-11-04T11:59:55.765003,185.245092,16,3 6 10 1 3 10 2 5 0 0 10 6 5 5 6 2,0,30001,
2018-11-04T11:59:55.765105,2018-11-04T12:01:19.999398,84.234293,16,2 7 4 6 7 9 5 2 0 5 6 7 8 9 5 4,0,30001,
2018-11-04T12:01:19.999499,2018-11-04T12:01:20.708218,0.708719,16,6 11 7 4 7 0 9 10 1 11 2 3 10 8 8 3,1,548,
2018-11-04T12:01:20.708378,2018-11-04T12:04:02.359132,161.650754,16,6 7 11 0 7 0 8 5 9 2 4 6 8 0 2 4,0,30001,
2018-11-04T12:04:02.359229,2018-11-04T12:05:37.371729,95.0125,16,2 1 2 9 4 1 2 0 0 7 6 10 0 5 1 1,0,30001,
2018-11-04T12:05:37.371883,2018-11-04T12:07:13.890831,96.518948,16,5 6 7 6 2 10 3 6 11 6 5 7 8 7 5 10,1,16221,
2018-11-04T12:07:13.890932,2018-11-04T12:10:42.159457,208.268525,16,3 3 6 11 3 4 5 9 2 0 4 7 4 7 7 4,0,30001,
2018-11-04T12:10:42.172020,2018-11-04T12:12:21.945968,99.773948,16,9 7 6 5 1 11 4 9 6 11 1 2 4 2 3 6,1,27616,
2018-11-04T12:12:21.946116,2018-11-04T12:12:34.709824,12.763708,16,9 1 9 10 9 5 1 3 11 9 1 2 1 1 3 6,1,4918,
2018-11-04T12:12:34.709970,2018-11-04T12:14:58.056356,143.346386,16,10 6 7 5 9 10 1 8 11 9 7 7 0 11 9 6,0,30001,
2018-11-04T12:14:58.056456,2018-11-04T12:15:02.585138,4.528682,16,3 1 4 6 3 5 7 7 6 5 2 4 1 11 6 8,1,1530,
2018-11-04T12:15:02.585297,2018-11-04T12:15:10.975530,8.390233,16,8 3 4 6 9 5 5 5 1 3 2 11 9 2 4 9,1,5321,
2018-11-04T12:15:10.975685,2018-11-04T12:16:55.120770,104.145085,16,1 4 4 0 9 11 9 10 10 6 7 7 5 6 6 4,0,30001,
2018-11-04T12:16:55.120874,2018-11-04T12:16:56.244927,1.124053,16,9 1 1 0 4 6 7 4 6 2 9 10 3 4 7 11,1,373,
2018-11-04T12:16:56.245028,2018-11-04T12:19:32.002894,155.757866,16,0 9 5 8 0 2 0 2 0 5 4 8 10 6 4 11,0,30001,
2018-11-04T12:19:32.003047,2018-11-04T12:21:54.771044,142.767997,16,5 2 6 4 6 6 4 1 10 10 9 7 7 4 1 0,0,30001,
2018-11-04T12:21:54.771148,2018-11-04T12:22:27.713281,32.942133,16,8 0 7 0 5 7 9 1 4 8 6 6 7 8 3 5,1,13544,
2018-11-04T12:22:27.713438,2018-11-04T12:24:31.358972,123.645534,16,9 8 9 9 0 3 6 4 5 0 5 9 9 11 1 5,0,30001,
2018-11-04T12:24:31.359576,2018-11-04T12:24:35.132378,3.772802,17,8 9 10 11 0 1 3 11 4 7 11 4 8 4 1 4 1,1,2753,
2018-11-04T12:24:35.132479,2018-11-04T12:25:43.183907,68.051428,17,11 11 1 9 6 4 2 4 6 3 1 8 3 2 10 0 4,0,30001,
2018-11-04T12:25:43.184014,2018-11-04T12:27:35.286188,112.102174,17,3 0 3 4 3 2 2 7 0 7 6 3 0 0 5 6 9,0,30001,
2018-11-04T12:27:35.286287,2018-11-04T12:28:47.503404,72.217117,17,11 6 8 1 4 0 0 11 1 8 10 3 8 7 7 2 10,1,20978,
2018-11-04T12:28:47.503505,2018-11-04T12:28:57.416324,9.912819,17,7 4 11 1 9 2 10 6 6 9 0 9 4 8 4 0 7,1,5040,
2018-11-04T12:28:57.416480,2018-11-04T12:29:31.349076,33.932596,17,0 7 10 3 6 7 4 11 1 4 6 4 0 10 9 11 0,1,15471,
2018-11-04T12:29:31.349224,2018-11-04T12:29:32.137437,0.788213,17,0 0 11 8 3 8 7 3 5 10 1 4 9 8 4 3 3,1,260,
2018-11-04T12:29:32.137528,2018-11-04T12:31:37.295862,125.158334,17,4 3 3 5 3 11 6 9 8 8 3 0 3 7 2 5 5,0,30001,
2018-11-04T12:31:37.296022,2018-11-04T12:33:48.069729,130.773707,17,2 5 1 9 8 5 5 3 1 0 0 1 3 5 5 7 4,0,30001,
2018-11-04T12:33:48.069882,2018-11-04T12:36:19.010094,150.940212,17,6 4 7 10 6 11 3 7 5 5 7 6 11 2 10 8 9,0,30001,
2018-11-04T12:36:19.010198,2018-11-04T12:38:48.215636,149.205438,17,1 8 11 4 5 9 11 11 0 11 3 1 5 3 5 6 4,0,30001,
2018-11-04T12:38:48.215737,2018-11-04T12:39:59.537236,71.321499,17,10 5 4 11 0 5 4 3 5 10 8 8 11 7 7 8 6,0,30001,
2018-11-04T12:39:59.537384,2018-11-04T12:40:35.866882,36.329498,17,3 10 6 6 7 3 2 0 8 1 4 3 1 11 1 0 1,1,13394,
2018-11-04T12:40:35.867029,2018-11-04T12:42:52.400060,136.533031,17,4 0 3 7 10 2 4 1 9 8 7 4 4 8 6 1 8,0,30001,
2018-11-04T12:42:52.400210,2018-11-04T12:45:09.036974,136.636764,17,11 6 9 6 7 6 1 3 3 11 9 10 6 3 1 2 1,0,30001,
2018-11-04T12:45:09.048010,2018-11-04T12:46:40.397571,91.349561,17,11 10 0 1 2 1 4 0 2 0 11 9 4 4 4 6 3,0,30001,
2018-11-04T12:46:40.397724,2018-11-04T12:48:49.116927,128.719203,17,11 8 5 8 5 0 3 2 11 7 8 10 5 3 1 1 8,0,30001,
2018-11-04T12:48:49.117033,2018-11-04T12:50:58.185184,129.068151,17,11 7 3 2 6 5 9 10 11 3 3 6 4 2 2 5 1,0,30001,
2018-11-04T12:50:58.185286,2018-11-04T12:52:31.319232,93.133946,17,3 10 2 7 6 7 2 6 9 5 0 4 5 6 8 7 11,1,25429,
2018-11-04T12:52:31.319389,2018-11-04T12:54:18.291196,106.971807,17,4 6 4 3 7 2 6 11 8 7 6 2 5 6 5 6 9,0,30001,
2018-11-04T12:54:18.291818,2018-11-04T12:55:34.812210,76.520392,18,11 3 7 8 9 1 10 8 4 7 11 8 10 2 2 3 11 0,0,30001,
2018-11-04T12:55:34.812361,2018-11-04T12:56:31.024646,56.212285,18,4 11 2 6 6 4 11 1 6 10 5 8 3 8 10 1 10 6,1,22788,
2018-11-04T12:56:31.036010,2018-11-04T12:56:57.626385,26.590375,18,2 7 3 1 11 9 9 1 2 9 8 3 10 6 8 1 2 1,1,13439,
2018-11-04T12:56:57.626538,2018-11-04T12:58:09.521372,71.894834,18,9 11 10 1 11 7 9 0 8 8 8 11 3 2 10 8 10 8,0,30001,
2018-11-04T12:58:09.521523,2018-11-04T12:59:13.033183,63.51166,18,1 1 6 6 4 5 7 0 0 0 9 6 9 5 5 10 7 10,0,30001,
2018-11-04T12:59:13.044011,2018-11-04T12:59:48.486862,35.442851,18,4 8 7 0 0 7 4 5 9 1 6 9 4 9 5 10 2 5,1,13445,
2018-11-04T12:59:48.487016,2018-11-04T13:02:27.594733,159.107717,18,8 10 5 0 3 10 7 5 6 4 8 7 2 3 11 10 5 6,0,30001,
2018-11-04T13:02:27.597934,2018-11-04T13:07:14.741741,287.143807,18,7 11 8 8 11 4 8 7 7 2 9 7 6 1 5 9 8 6,0,30001,
2018-11-04T13:07:14.741899,2018-11-04T13:09:06.704400,111.962501,18,2 6 1 6 11 11 4 1 11 7 7 6 2 9 7 7 2 5,0,30001,
2018-11-04T13:09:06.704554,2018-11-04T13:11:29.234729,142.530175,18,3 2 0 1 6 11 8 0 7 5 1 9 5 8 1 6 1 3,0,30001,
2018-11-04T13:11:29.234881,2018-11-04T13:13:35.965876,126.730995,18,1 6 9 0 9 7 3 11 4 6 10 6 9 1 5 9 0 4,0,30001,
2018-11-04T13:13:35.966028,2018-11-04T13:16:27.160647,171.194619,18,1 11 4 8 6 10 9 1 11 3 10 1 10 10 6 7 7 10,0,30001,
2018-11-04T13:16:27.160795,2018-11-04T13:16:28.516161,1.355366,18,2 7 9 2 6 3 4 0 3 3 3 1 4 11 4 9 2 0,1,725,
2018-11-04T13:16:28.516331,2018-11-04T13:18:02.715910,94.199579,18,7 0 7 5 5 2 6 5 8 6 4 0 11 4 4 11 3 0,0,30001,
2018-11-04T13:18:02.716075,2018-11-04T13:19:09.932955,67.21688,18,2 11 3 11 10 6 6 10 1 8 3 6 7 0 8 10 2 11,0,30001,
2018-11-04T13:19:09.933064,2018-11-04T13:21:30.209256,140.276192,18,3 1 0 10 11 8 7 10 9 11 7 11 9 9 1 8 3 11,0,30001,
2018-11-04T13:21:30.209407,2018-11-04T13:22:54.947458,84.738051,18,4 11 7 11 10 0 7 7 9 9 2 7 10 0 4 0 4 6,1,19510,
2018-11-04T13:22:54.947558,2018-11-04T13:24:05.473758,70.5262,18,7 10 11 11 9 1 6 5 4 1 0 9 11 8 10 10 6 7,0,30001,
2018-11-04T13:24:05.473862,2018-11-04T13:27:01.927037,176.453175,18,11 9 2 1 11 2 6 4 11 11 3 6 8 0 2 0 9 11,0,30001,
2018-11-04T13:27:01.927187,2018-11-04T13:28:42.814446,100.887259,18,7 6 7 6 5 8 10 6 4 2 2 7 4 2 0 10 3 5,0,30001,
2018-11-04T13:28:42.824199,2018-11-04T13:29:31.651718,48.827519,19,8 3 5 0 9 7 7 2 6 2 4 3 6 1 5 2 9 7 3,1,15624,
2018-11-04T13:29:31.651870,2018-11-04T13:29:34.106075,2.454205,19,2 7 6 1 8 11 0 9 6 11 11 3 8 3 11 8 8 6 3,1,1214,
2018-11-04T13:29:34.106247,2018-11-04T13:31:26.601485,112.495238,19,0 8 7 8 1 9 2 6 9 2 11 6 2 7 3 8 4 9 8,0,30001,
2018-11-04T13:31:26.601636,2018-11-04T13:31:43.132708,16.531072,19,1 11 11 4 6 11 6 3 6 3 1 11 1 2 7 2 1 8 3,1,8870,
2018-11-04T13:31:43.144010,2018-11-04T13:33:13.721024,90.577014,19,10 1 9 11 8 11 3 11 7 11 3 3 2 3 6 3 1 0 7,1,20314,
2018-11-04T13:33:13.721126,2018-11-04T13:33:26.912001,13.190875,19,9 0 4 0 9 6 9 5 1 5 10 10 3 5 3 5 9 8 0,1,6158,
2018-11-04T13:33:26.912118,2018-11-04T13:34:53.613619,86.701501,19,6 7 8 8 0 0 5 3 5 6 1 1 0 11 4 9 4 6 3,0,30001,
2018-11-04T13:34:53.613720,2018-11-04T13:35:17.818244,24.204524,19,6 5 2 7 0 11 9 10 2 5 6 1 6 8 8 11 0 10 0,1,6210,
2018-11-04T13:35:17.818398,2018-11-04T13:35:39.241670,21.423272,19,3 2 3 11 8 1 4 11 7 4 5 6 4 8 1 11 4 9 2,1,6565,
2018-11-04T13:35:39.241823,2018-11-04T13:37:21.403665,102.161842,19,1 6 4 6 7 4 1 4 6 6 7 0 5 7 5 1 4 4 0,0,30001,
2018-11-04T13:37:21.403758,2018-11-04T13:39:26.370635,124.966877,19,4 1 0 7 11 7 8 5 7 0 7 2 3 11 0 8 8 3 11,0,30001,
2018-11-04T13:39:26.370735,2018-11-04T13:39:29.423222,3.052487,19,2 1 3 10 11 2 11 4 3 1 11 9 8 4 4 5 8 9 0,1,1534,
2018-11-04T13:39:29.423327,2018-11-04T13:40:24.739286,55.315959,19,6 6 9 0 1 3 1 9 9 10 1 10 10 3 3 6 4 6 7,1,10923,
2018-11-04T13:40:24.739438,2018-11-04T13:41:51.941231,87.201793,19,1 9 0 0 5 0 5 2 6 2 5 6 3 0 10 6 6 11 9,0,30001,
2018-11-04T13:41:51.941330,2018-11-04T13:42:59.464299,67.522969,19,6 6 3 4 2 6 7 9 9 6 11 4 9 0 5 3 1 1 5,0,30001,
2018-11-04T13:42:59.464441,2018-11-04T13:45:05.727087,126.262646,19,4 11 1 3 1 11 0 11 3 10 2 5 2 1 2 7 3 2 3,0,30001,
2018-11-04T13:45:05.727191,2018-11-04T13:46:17.852130,72.124939,19,5 4 0 10 3 8 1 1 6 8 8 10 2 4 5 6 10 9 9,0,30001,
2018-11-04T13:46:17.852282,2018-11-04T13:46:41.294432,23.44215,19,3 7 0 11 1 5 1 11 2 9 9 6 8 8 7 5 3 8 1,1,9088,
2018-11-04T13:46:41.294592,2018-11-04T13:48:07.571871,86.277279,19,6 6 6 5 6 10 2 10 9 0 8 4 6 6 3 3 0 11 10,0,30001,
2018-11-04T13:48:07.584010,2018-11-04T13:49:29.293819,81.709809,19,8 4 5 8 11 6 5 7 11 4 8 0 0 11 1 8 8 1 11,0,30001,
2018-11-04T13:49:29.294444,2018-11-04T13:51:43.734273,134.439829,20,1 3 11 11 11 6 2 6 5 10 0 1 3 2 3 7 3 4 1 4,0,30001,
2018-11-04T13:51:43.734424,2018-11-04T13:53:08.217304,84.48288,20,11 4 8 5 6 7 2 10 6 9 5 8 6 5 7 3 2 9 10 9,0,30001,
2018-11-04T13:53:08.217403,2018-11-04T13:54:24.644213,76.42681,20,2 10 11 8 1 1 4 2 4 0 7 2 5 0 1 10 5 9 0 11,0,30001,
2018-11-04T13:54:24.644383,2018-11-04T13:54:32.580346,7.935963,20,10 11 6 2 2 0 5 7 3 7 10 5 9 4 0 9 1 3 3 8,1,4473,
2018-11-04T13:54:32.580444,2018-11-04T13:56:12.129123,99.548679,20,2 10 1 9 11 3 0 1 3 11 6 10 2 1 10 10 6 11 6 5,0,30001,
2018-11-04T13:56:12.129272,2018-11-04T13:57:40.869217,88.739945,20,9 7 11 8 9 2 5 2 3 3 11 0 10 7 6 11 11 1 5 10,0,30001,
2018-11-04T13:57:40.869366,2018-11-04T13:59:40.045334,119.175968,20,9 2 2 1 10 11 1 8 4 5 1 4 5 6 1 2 10 7 8 0,0,30001,
2018-11-04T13:59:40.045486,2018-11-04T14:01:09.636127,89.590641,20,8 10 5 5 9 1 10 3 4 9 6 7 0 5 4 9 6 4 8 8,0,30001,
2018-11-04T14:01:09.636227,2018-11-04T14:03:03.345677,113.70945,20,5 5 10 8 9 5 0 9 11 2 11 7 4 4 5 9 9 1 6 1,0,30001,
2018-11-04T14:03:03.345830,2018-11-04T14:04:00.413047,57.067217,20,2 11 7 10 0 5 10 9 6 2 7 2 7 0 5 8 3 4 1 9,1,19552,
2018-11-04T14:04:00.413201,2018-11-04T14:05:46.770117,106.356916,20,8 8 0 0 0 7 7 9 0 1 1 8 8 10 10 8 10 11 8 1,0,30001,
2018-11-04T14:05:46.770271,2018-11-04T14:07:27.619733,100.849462,20,7 6 3 11 2 10 8 11 4 6 1 11 3 0 5 6 1 9 6 8,0,30001,
2018-11-04T14:07:27.619885,2018-11-04T14:10:16.862291,169.242406,20,10 10 0 3 7 3 1 11 0 11 8 10 6 3 1 3 0 11 3 5,0,30001,
2018-11-04T14:10:16.862390,2018-11-04T14:12:19.354388,122.491998,20,5 10 9 0 10 0 4 0 7 0 3 6 2 7 2 2 7 2 11 11,1,29645,
2018-11-04T14:12:19.354490,2018-11-04T14:13:32.739567,73.385077,20,10 6 6 4 8 4 1 11 9 8 4 9 1 0 8 3 6 10 7 0,0,30001,
2018-11-04T14:13:32.739670,2018-11-04T14:14:30.235934,57.496264,20,4 7 4 3 5 8 10 9 5 3 4 7 10 5 1 5 2 5 7 0,0,30001,
2018-11-04T14:14:30.236096,2018-11-04T14:15:08.356990,38.120894,20,7 11 10 6 10 10 5 10 3 8 9 1 5 10 7 11 0 3 8 4,1,21977,
2018-11-04T14:15:08.357092,2018-11-04T14:15:08.915372,0.55828,20,8 0 11 9 10 6 4 2 7 0 8 0 7 6 8 7 7 9 11 7,1,611,
2018-11-04T14:15:08.915540,2018-11-04T14:16:33.498865,84.583325,20,5 4 0 4 11 10 1 0 3 6 11 0 2 1 8 5 2 4 2 11,0,30001,
2018-11-04T14:16:33.499018,2018-11-04T14:17:12.612916,39.113898,20,2 10 7 6 3 0 1 9 6 7 7 10 7 0 3 0 8 9 9 4,1,15361,
